<?xml version="1.0" encoding="UTF-8"?>

<iso_project image_name="image.bin" cue_sheet="image.cue" no_xa="1">
	<track type="data">
		<license file="LICENSEA.DAT"/>
		<directory_tree>
			<file name="SYSTEM.CNF"	type="data"	source="SYSTEM.CNF"/>
			<file name="GRID.TMD"	type="data"	source="data/GRID.TMD"/>
			<file name="CAR.TMD"	type="data"	source="data/CAR.TMD"/>
			<file name="OBJ.TMD"	type="data"	source="data/OBJ.TMD"/>
			<file name="PLAYER.TMD"	type="data"	source="data/PLAYER.TMD"/>
			<file name="CRASH.TIM"	type="data"	source="data/CRASH.TIM"/>
			<file name="PS1.TIM"	type="data"	source="data/PS1.TIM"/>
			<file name="MAIN.EXE"	type="data"	source="MAIN.EXE"/>
			<!-- Add your own files or folders here -->
			<dummy sectors="1024"/>
		</directory_tree>
	</track>
</iso_project>
